probabilities,y_predicted,y_actual,tweets
0.52505720183093241,neg,pos,"Visits spy-movie territory like a novel you ca n't put down , examines a footnote to history seldom brought to light on the screen , and keeps you guessing from first frame to last ."
0.52256233659907747,neg,pos,"This is n't my favorite in the series , still I enjoyed it enough to recommend ."
0.52150123196913056,neg,pos,There is n't a weak or careless performance amongst them .
0.51946489465723711,neg,pos,Those outside show business will enjoy a close look at people they do n't really want to know .
0.51667399224195343,neg,pos,"( Drumline ) is entertaining for what it does , and admirable for what it does n't do ."
0.51308304770342517,neg,pos,"There are slow and repetitive parts , but it has just enough spice to keep it interesting ."
0.51296905984467245,neg,pos,It 's solid and affecting and exactly as thought-provoking as it should be .
0.51159302694909503,neg,pos,"If no one singles out any of these performances as award-worthy , it 's only because we would expect nothing less from this bunch ."
0.51012300190585391,neg,pos,But fans should have fun meeting a brand-new Pokemon called Celebi .
0.50973743168631824,neg,pos,Skip work to see it at the first opportunity .
0.50930183041954036,neg,pos,Makes an aborbing if arguable case for the man 's greatness .
0.50885052236790562,neg,pos,"It 's rather like a Lifetime special -- pleasant , sweet and forgettable ."
0.50726515450819876,neg,pos,"He just wants them to be part of the action , the wallpaper of his chosen reality ."
0.50714579817567196,neg,pos,"This road movie gives you emotional whiplash , and you 'll be glad you went along for the ride ."
0.50683796656354385,neg,pos,"another great ` what you do n't see ' is much more terrifying than what you do see thriller , coupled with some arresting effects , incandescent tones and stupendous performances"
0.5067701250105523,neg,pos,( Howard ) so good as Leon Barlow ... that he hardly seems to be acting .
0.50633927518459487,neg,pos,May be spoofing an easy target -- those old ' 50 's giant creature features -- but ... it acknowledges and celebrates their cheesiness as the reason why people get a kick out of watching them today .
0.50606320750328604,neg,pos,"The film is surprisingly well-directed by Brett Ratner , who keeps things moving well -- at least until the problematic third act ."
0.50588344022342036,neg,pos,A carefully structured scream of consciousness that is tortured and unsettling -- but unquestionably alive .
0.50568815222131203,pos,neg,Here 's a self-congratulatory 3D IMAX rah-rah .
0.50552487103652299,neg,pos,"Awkward but sincere and , ultimately , it wins you over ."
0.505291489061097,neg,pos,"It 's endearing to hear Madame D. refer to her husband as ` Jackie ' -- and he does make for excellent company , not least as a self-conscious performer ."
0.50491161215142266,neg,pos,Some actors have so much charisma that you 'd be happy to listen to them reading the phone book .
0.50487084335614141,neg,pos,"But based on CQ , I 'll certainly be keeping an eye out for his next project ."
0.50434980507237637,neg,pos,The New Guy does have a heart .
0.50420829789462596,neg,pos,"Call me a wimp , but I cried , not once , but three times in this animated sweet film ."
0.5039932554224239,neg,pos,Bow 's best moments are when he 's getting busy on the basketball court because that 's when he really scores .
0.5039280193840443,neg,pos,"( Wendigo is ) why we go to the cinema : to be fed through the eye , the heart , the mind ."
0.50342229721975129,neg,pos,It 's one of the saddest films I have ever seen that still manages to be uplifting but not overly sentimental .
0.50324259043293595,neg,pos,"As Weber and Weissman demonstrate with such insight and celebratory verve , the Cockettes were n't as much about gender , sexual preference or political agitprop as they were simply a triumph of the indomitable human will to rebel , connect and create ."
0.50254427429145632,neg,pos,A sports movie with action that 's exciting on the field and a story you care about off it .
0.50190117419883062,neg,pos,"Doug Liman , the director of Bourne , directs the traffic well , gets a nice wintry look from his locations , absorbs us with the movie 's spycraft and uses Damon 's ability to be focused and sincere ."
0.50187845293895617,neg,pos,About nowhere kids who appropriated turfs as they found them and become self-made celebrity athletes -- a low-down version of the American dream .
0.50186164675012868,neg,pos,"If you sometimes like to go to the movies to have fun , Wasabi is a good place to start ."
0.50184937126838991,neg,pos,"A somewhat crudely constructed but gripping , questing look at a person so racked with self-loathing , he becomes an enemy to his own race ."
0.50168530971462544,neg,pos,A classy item by a legend who may have nothing left to prove but still has the chops and drive to show how its done .
0.50164842775526042,neg,pos,"This is the kind of movie that used to be right at home at the Saturday matinee , and it still is ."
0.50129165475864568,neg,pos,This is simply the most fun you 'll ever have with a documentary !
0.50081761355993226,neg,pos,It 's a refreshing change from the self-interest and paranoia that shape most American representations of Castro .
0.50081638323571209,neg,pos,"The diversity of the artists represented , both in terms of style and ethnicity , prevents the proceedings from feeling repetitious , as does the appropriately brief 40-minute running time ."
0.50060862161628095,neg,pos,"There are times when A Rumor of Angels plays like an extended episode of Touched by an Angel -- a little too much dancing , a few too many weeping scenes -- but I liked its heart and its spirit ."
0.50060093865414856,neg,pos,"While this film is not in the least surprising , it is still ultimately very satisfying ."
0.50052746623258482,neg,pos,"The Hours makes you examine your own life in much the same way its characters do , and the experience is profound ."
0.50046029879170673,neg,pos,"Enormously likable , partly because it is aware of its own grasp of the absurd ."
0.50045904469666314,neg,pos,The acting alone is worth the price of admission .
0.50000540176681763,neg,pos,"In its ragged , cheap and unassuming way , the movie works ."
