probabilities,y_predicted,y_actual,tweets
0.54278680951066027,neg,neg,Does n't amount to much of anything .
0.53654728319446854,neg,neg,Too bad the former Murphy Brown does n't pop Reese back .
0.53642473575048732,neg,neg,"It 's the kind of movie you ca n't quite recommend because it is all windup and not much of a pitch , yet you ca n't bring yourself to dislike it ."
0.53464895303182913,neg,neg,"It may be an easy swipe to take , but this Barbershop just does n't make the cut ."
0.53447141656659491,neg,neg,But I was n't .
0.53350631554260608,neg,neg,It wo n't be long before you 'll spy I Spy at a video store near you .
0.53287229496306709,neg,neg,This is n't a `` Friday '' worth waiting for .
0.53286123362910387,neg,neg,"If Shayamalan wanted to tell a story about a man who loses his faith , why did n't he just do it , instead of using bad sci-fi as window dressing ?"
0.53108575041389339,neg,neg,"... too slow , too boring , and occasionally annoying ."
0.53096048174046384,neg,neg,Beyond a handful of mildly amusing lines ... there just is n't much to laugh at .
0.53037295016849806,neg,neg,"Watching Trouble Every Day , at least if you do n't know what 's coming , is like biting into what looks like a juicy , delicious plum on a hot summer day and coming away with your mouth full of rotten pulp and living worms ."
0.53007722002959168,neg,neg,"Theology aside , why put someone who ultimately does n't learn at the center of a kids ' story ?"
0.52894555387953646,neg,neg,"The character is too forced and overwritten to be funny or believable much of the time , and Clayburgh does n't always improve the over-the-top mix ."
0.52865124555393939,neg,neg,"Starts off with a bang , but then fizzles like a wet stick of dynamite at the very end ."
0.52733098823499602,neg,neg,There 's plenty of style in Guillermo Del Toro 's sequel to the 1998 hit but why do we need 117 minutes to tell a tale that simply ca n't sustain more than 90 minutes .
0.52646362755712284,neg,neg,"I did n't laugh at the ongoing efforts of Cube , and his skinny buddy Mike Epps , to make like Laurel and Hardy 'n the hood ."
0.52578053635750976,neg,neg,One Hour Photo is an intriguing snapshot of one man and his delusions ; it 's just too bad it does n't have more flashes of insight .
0.52531648967484113,neg,neg,The cartoon that is n't really good enough to be on afternoon TV is now a movie that is n't really good enough to be in theaters .
0.52505720183093241,neg,pos,"Visits spy-movie territory like a novel you ca n't put down , examines a footnote to history seldom brought to light on the screen , and keeps you guessing from first frame to last ."
0.52466863490099325,neg,neg,A thinly veiled excuse for Wilson to play his self-deprecating act against Murphy 's well-honed prima donna shtick .
0.52444416863937726,neg,neg,Falters when it takes itself too seriously and when it depends too heavily on its otherwise talented cast to clown in situations that are n't funny .
0.52438429766440997,neg,neg,The Sum of All Fears is almost impossible to follow -- and there 's something cringe-inducing about seeing an American football stadium nuked as pop entertainment .
0.5242140729368463,neg,neg,"It 's so underwritten that you ca n't figure out just where the other characters , including Ana 's father and grandfather , come down on the issue of Ana 's future ."
0.5241085912891702,neg,neg,"It 's not horrible , just horribly mediocre ."
0.52405270852138197,neg,neg,"If this dud had been made in the '70s , it would have been called The Hills Have Antlers and played for about three weeks in drive-ins ."
0.5237532650049348,neg,neg,"Uncertain in tone ... a garbled exercise in sexual politics , a junior varsity Short Cuts by way of Very Bad Things ."
0.52358063359806961,neg,neg,"It does n't help that the director and cinematographer Stephen Kazmierski shoot on grungy video , giving the whole thing a dirty , tasteless feel ."
0.52352845438163087,neg,neg,Rates an ` E ' for effort -- and a ` B ' for boring .
0.52339797771879093,neg,neg,"I saw Knockaround Guys yesterday , and already the details have faded like photographs from the Spanish-American War ... It 's so unmemorable that it turned my ballpoint notes to invisible ink ."
0.52338171167869796,neg,neg,How did it ever get made ?
0.52292551707726731,neg,neg,"I found it slow , drab , and bordering on melodramatic ."
0.52256233659907747,neg,pos,"This is n't my favorite in the series , still I enjoyed it enough to recommend ."
0.52238913108019258,neg,neg,"How on earth , or anywhere else , did director Ron Underwood manage to blow $ 100 million on this ?"
0.52236167214144635,neg,neg,"Still , it gets the job done -- a sleepy afternoon rental ."
0.52211366097319289,neg,neg,Could The Country Bears really be as bad as its trailers ?
0.52186908742856797,neg,neg,"Too loud , too long and too frantic by half , Die Another Day suggests that the Bond franchise has run into a creative wall that 007 can not fly over , tunnel under or barrel through ."
0.52186805430808481,neg,neg,"So stupid , so ill-conceived , so badly drawn , it created whole new levels of ugly ."
0.52178378050636087,pos,pos,"An intelligent , moving and invigorating film ."
0.5217767889293391,pos,pos,This is one of Polanski 's best films .
0.52150123196913056,neg,pos,There is n't a weak or careless performance amongst them .
0.52122018211163834,neg,neg,"A woozy , roisterous , exhausting mess , and the off-beat casting of its two leads turns out to be as ill-starred as you might expect ."
0.52107988480039891,neg,neg,You 're better off staying home and watching The X-Files .
0.52106850552208905,neg,neg,Bears is bad .
0.52097070549601476,pos,pos,"Zany , exuberantly irreverent animated space adventure ."
0.52068080300488184,pos,pos,"An elegant , exquisitely modulated psychological thriller ."
0.52062832945800064,neg,neg,"Bad Company leaves a bad taste , not only because of its bad-luck timing , but also the staleness of its script ."
0.52057854174613483,neg,neg,Has little on its mind aside from scoring points with drag gags .
0.52050317534616652,neg,neg,fear dot com is so rambling and disconnected it never builds any suspense .
0.52032175646216949,neg,neg,"But as a movie , it 's a humorless , disjointed mess ."
0.520109069118742,neg,neg,"If this is the resurrection of the Halloween franchise , it would have been better off dead ."
0.52004721461499159,neg,neg,It took 19 predecessors to get THIS ?
0.51998707905682939,neg,neg,The story loses its bite in a last-minute happy ending that 's even less plausible than the rest of the picture .
0.51989033766448778,neg,neg,"A turgid little history lesson , humourless and dull ."
0.51977206110666185,pos,pos,"Subversive , meditative , clinical and poetic , The Piano Teacher is a daring work of genius ."
0.5197549853699891,neg,neg,Any movie this boring should be required to have ushers in the theater that hand you a cup of coffee every few minutes .
0.51971511563376838,neg,neg,focuses on Joan 's raging hormones and sledgehammers the audience with Spanish inquisitions about her `` madness '' so much that I became mad that I wasted 123 minutes and $ 9.50 on this 21st century torture device .
0.51962447019571578,pos,pos,"A thoughtful , provocative , insistently humanizing film ."
0.51957279455618388,neg,neg,A benign but forgettable sci-fi diversion .
0.51952649881080992,neg,neg,"Afraid to pitch into farce , yet only half-hearted in its spy mechanics , All the Queen 's Men is finally just one long drag ."
0.51951641812006943,neg,neg,Even those of a single digit age will be able to recognize that this story is too goofy ... even for Disney .
0.51946489465723711,neg,pos,Those outside show business will enjoy a close look at people they do n't really want to know .
0.51925823900192236,neg,neg,"Unfortunately , the picture failed to capture me ."
0.51919034214572735,neg,neg,"As with too many studio pics , plot mechanics get in the way of what should be the lighter-than-air adventure ."
0.51912207346394301,neg,neg,Maybe I found the proceedings a little bit too conventional .
0.51909191525236498,neg,neg,Its underlying mythology is a hodgepodge of inconsistencies that pose the question : Since when did dumb entertainment have to be this dumb ?
0.51902916449409164,neg,neg,Its save-the-planet message clashes with its crass marketing .
0.51884637608949347,neg,neg,"All in all , there 's only one thing to root for : expulsion for everyone ."
0.51875238558940717,pos,pos,"Cute , funny , heartwarming digitally animated feature film with plenty of slapstick humor for the kids , lots of in-jokes for the adults and heart enough for everyone ."
0.51861684648976825,neg,neg,It becomes gimmicky instead of compelling .
0.51860228169044664,neg,neg,"There 's an audience for it , but it could have been funnier and more innocent ."
0.51816783234667285,neg,neg,"With its hints of a greater intelligence lurking somewhere , The Ring makes its stupidity more than obvious ."
0.51816406277047777,neg,neg,What parents will suspect is that they 're watching a 76-minute commercial .
0.51797747813623729,neg,neg,"Marisa Tomei is good , but Just A Kiss is just a mess ."
0.5178967097631425,neg,neg,"Unfortunately , as a writer , Mr. Montias is n't nearly as good to his crew as he is as a director or actor ."
0.51783235436098507,neg,neg,"It 's badly acted , blandly directed , and could have been scripted by someone who just graduated from elementary school ."
0.51776179320687699,pos,pos,A psychologically rich and suspenseful moral thriller with a stellar performance by Al Pacino .
0.51776136591833888,neg,neg,"Nothing Denis has made before , like Beau Travil and Nenette et Boni , could prepare us for this gory , perverted , sex-soaked riff on the cannibal genre ."
0.51767941368543091,neg,neg,A predictable and stereotypical little B-movie .
0.51766027967042971,neg,neg,Abandons all pretense of creating historical context and waltzes off into a hectic soap about the ups and downs of the heavy breathing between the two artists .
0.51765513299788646,neg,neg,The backyard battles you staged with your green plastic army men were more exciting and almost certainly made more sense .
0.5176465618117092,neg,neg,Little more than a frothy vanity project .
0.5175660097181648,neg,neg,Extremely boring .
0.51747663318706172,pos,pos,"After making several adaptations of other writers ' work , Armenian-Canadian director Atom Egoyan broached an original treatment of a deeply personal subject ."
0.51736231770628061,neg,neg,"Still , this thing feels flimsy and ephemeral ."
0.51728266068380468,neg,neg,... Hudlin is stuck trying to light a fire with soggy leaves .
0.51715189907544712,pos,pos,A vivid cinematic portrait .
0.51707504931652726,neg,neg,"Verbinski substitutes atmosphere for action , tedium for thrills ."
0.51698585271458919,pos,pos,"On its own cinematic terms , it successfully showcases the passions of both the director and novelist Byatt ."
0.51681235444975515,pos,pos,"( Schweiger is ) talented and terribly charismatic , qualities essential to both movie stars and social anarchists ."
0.51676716025019187,pos,pos,"The animated subplot keenly depicts the inner struggles of our adolescent heroes - insecure , uncontrolled , and intense ."
0.51667399224195343,neg,pos,"( Drumline ) is entertaining for what it does , and admirable for what it does n't do ."
0.51642937640635755,neg,neg,"Rambles on in a disjointed , substandard fashion from one poorly executed action sequence to the next ."
0.51631586942065932,neg,neg,Flaunts its quirky excesses like a New Year 's Eve drunk sporting a paper party hat .
0.51629224394809037,neg,neg,It 's a great deal of sizzle and very little steak .
0.51628602937088897,neg,neg,"Pryor Lite , with half the demons , half the daring , much less talent , many fewer laughs ."
0.51622956603305314,neg,neg,This is the type of movie best enjoyed by frat boys and college kids while sucking on the bong and downing one alcoholic beverage after another .
0.51622484706890792,pos,pos,A wonderful character-based comedy .
0.51608667501755989,neg,neg,"... an unimaginative , nasty , glibly cynical piece of work ."
0.51599833442988818,pos,pos,"An offbeat , sometimes gross and surprisingly appealing animated film about the true meaning of the holidays ."
0.51571373687813771,neg,neg,"Flashy , pretentious and as impenetrable as Morvern 's thick , working-class Scottish accent ."
0.51558487709662637,neg,neg,So what is the point ?
0.51548422386297466,neg,neg,Feels like six different movies fighting each other for attention .
0.51531000604622446,neg,neg,Director Dirk Shafer and co-writer Greg Hinton ride the dubious divide where gay porn reaches for serious drama .
0.51520279479202846,pos,pos,"Exquisitely acted and masterfully if preciously interwoven ... ( the film ) addresses in a fascinating , intelligent manner the intermingling of race , politics and local commerce ."
0.5149431494983393,pos,pos,The movie stays afloat thanks to its hallucinatory production design .
0.51480485486190741,neg,neg,All the necessary exposition prevents the picture from rising above your generic sand 'n' sandal adventure .
0.51461677858600607,neg,neg,"It 's the kind of movie that ends up festooning U.S. art house screens for no reason other than the fact that it 's in French ( well , mostly ) with English subtitles and is magically ` significant ' because of that ."
0.51448531943879761,neg,neg,This film 's relationship to actual tension is the same as what Christmas-tree flocking in a spray can is to actual snow : a poor -- if durable -- imitation .
0.51445965635259594,neg,neg,"Matthew McConaughey tries , and fails , to control the screen with swaggering machismo and over-the-top lunacy ."
0.51432387519406375,pos,pos,"A comprehensive and provocative film -- one that pushes the boundaries of biography , and challenges its audience ."
0.51430201952268217,neg,neg,A sermonizing and lifeless paean to teenage dullards .
0.51413351315177269,pos,pos,"Zhang Yimou delivers warm , genuine characters who lie not through dishonesty , but because they genuinely believe it 's the only way to bring happiness to their loved ones ."
0.51409225673822767,neg,neg,"The noble tradition of men in drag hits an all-time low in Sorority Boys , whose makers apparently believe that women 's clothing can cover up any deficiency in acting , writing or direction ."
0.51400567460401392,pos,pos,"Renner 's performance as Dahmer is unforgettable , deeply absorbing ."
0.51399307192835608,pos,pos,The talents of the actors helps `` Moonlight Mile '' rise above its heart-on-its-sleeve writing .
0.51384065959658964,neg,neg,"Some of Seagal 's action pictures are guilty pleasures , but this one is so formulaic that it seems to be on auto-pilot ."
0.51375171213881621,pos,pos,"Mr. Parker has brilliantly updated his source and grasped its essence , composing a sorrowful and hilarious tone poem about alienated labor , or an absurdist workplace sitcom ."
0.51366922291793249,neg,neg,"Like most Bond outings in recent years , some of the stunts are so outlandish that they border on being cartoonlike ."
0.51350106216902713,neg,neg,"For anyone who grew up on Disney 's 1950 Treasure Island , or remembers the 1934 Victor Fleming classic , this one feels like an impostor ."
0.51341757131286159,neg,neg,"A recipe for cinematic disaster ... part Quentin Tarantino , part Guy Ritchie , and part 1960s spy spoof , it 's all bad ."
0.51340736959057298,neg,neg,The actors are forced to grapple with hazy motivations that never come into focus .
0.51334772393951389,neg,neg,Automatically pegs itself for the straight-to-video sci-fi rental shelf .
0.51318119158371667,neg,neg,Mark me down as a non-believer in werewolf films that are not serious and rely on stupidity as a substitute for humor .
0.51312224775138127,pos,pos,Fuller would surely have called this gutsy and at times exhilarating movie a great yarn .
0.51308304770342517,neg,pos,"There are slow and repetitive parts , but it has just enough spice to keep it interesting ."
0.51304677718018699,neg,neg,Marries the amateurishness of The Blair Witch Project with the illogic of Series 7 : The Contenders to create a completely crass and forgettable movie .
0.51299677670057098,neg,neg,Going to the website may be just as fun ( and scary ) as going to the film .
0.51296905984467245,neg,pos,It 's solid and affecting and exactly as thought-provoking as it should be .
0.51270282113731613,pos,pos,"His characters are engaging , intimate and the dialogue is realistic and greatly moving ."
0.51263866083670739,neg,neg,But this time there 's some mold on the gold .
0.5126220979399303,neg,neg,It 's neither as romantic nor as thrilling as it should be .
0.51260963683745919,neg,neg,Aspires for the piquant but only really achieves a sort of ridiculous sourness .
0.51259557037353176,pos,pos,Take Care of My Cat offers a refreshingly different slice of Asian cinema .
0.51238987699659677,pos,pos,This is such a dazzlingly self-assured directorial debut that it 's hard to know what to praise first .
0.51238480409211207,neg,neg,The film is a travesty of the genre and even as spoof takes itself too seriously .
0.51233460132876663,neg,neg,One groan-inducing familiarity begets another .
0.51232502020259318,neg,neg,An ultra-low-budget indie debut that smacks more of good intentions than talent .
0.5123231624911504,pos,pos,"A bold and subversive film that cuts across the grain of what is popular and powerful in this high-tech age , speaking its truths with spellbinding imagery and the entrancing music of Philip Glass ."
0.51230258108041427,neg,neg,"The low-budget Full Frontal was one of the year 's murkiest , intentionally obscure and self-indulgent pictures , and Solaris is its big-budget brother ."
0.51226861430231974,neg,neg,But hard-to-believe plot twists force the movie off track in its final half hour .
0.51217744463441472,neg,neg,"Plays as hollow catharsis , with lots of tears but very little in the way of insights ."
0.51217045426770624,neg,neg,About as satisfying and predictable as the fare at your local drive through .
0.51215467212990595,pos,pos,"Celebrated at Sundance , this slight comedy of manners has winning performances and a glossy , glib charm that 's hard to beat ."
0.51214577021769636,pos,pos,An excellent romp that boasts both a heart and a mind .
0.51205130986716108,pos,pos,It 's a terrific American sports movie and Dennis Quaid is its athletic heart .
0.51200080842527751,neg,neg,"Too stupid to be satire , too obviously hateful to be classified otherwise , Frank Novak 's irritating slice of lumpen life is as reliably soul-killing as its title is nearly meaningless ."
0.5119774489891129,pos,pos,An enjoyably half-wit remake of the venerable Italian comedy Big Deal on Madonna Street .
0.51197152904004439,neg,neg,"Though Ganesh is successful in a midlevel sort of way , there 's nothing so striking or fascinating or metaphorically significant about his career as to rate two hours of our attention ."
0.51193942852945407,pos,pos,Mnch 's genuine insight makes the film 's occasional overindulgence forgivable .
0.51192344887415475,pos,pos,The filmmakers skillfully evoke the sense of menace that nature holds for many urban dwellers .
0.5118227754555873,neg,neg,Neither funny nor suspenseful nor particularly well-drawn .
0.5117947924246109,pos,pos,"( A ) rare , beautiful film ."
0.51171985218199778,neg,neg,A frustrating combination of strained humor and heavy-handed sentimentality .
0.51171190235169106,pos,pos,"It extends the writings of Jean Genet and John Rechy , the films of Fassbinder , perhaps even the nocturnal works of Goya ."
0.51160177032469567,pos,pos,"Shainberg weaves a carefully balanced scenario that is controlled by neither character , is weirdly sympathetic to both and manages to be tender and darkly comic ."
0.51159302694909503,neg,pos,"If no one singles out any of these performances as award-worthy , it 's only because we would expect nothing less from this bunch ."
0.51158291504989295,neg,neg,Looks like a high school film project completed the day before it was due .
0.51149550845676617,pos,pos,"A slick , well-oiled machine , exquisitely polished and upholstered ."
0.51144292307276296,pos,pos,Ford deserves to be remembered at Oscar time for crafting this wonderful portrait of a conflicted soldier .
0.51126966223022674,neg,neg,"Do not , under any circumstances , consider taking a child younger than middle school age to this wallow in crude humor ."
0.51123408725314567,pos,pos,"While not as aggressively impressive as its American counterpart , `` In the Bedroom , '' Moretti 's film makes its own , quieter observations"
0.51123389996207069,neg,neg,"An ungainly , comedy-deficient , B-movie rush job ..."
0.51116524377789552,neg,neg,"Once the audience figure out what 's being said , the filmmaker 's relative passivity will make it tough for them to really care ."
0.51112832586753465,pos,pos,This is art paying homage to art .
0.51105498980539299,neg,neg,"All ends well , sort of , but the frenzied comic moments never click ."
0.51102292694098483,neg,neg,"The film would work much better as a video installation in a museum , where viewers would be free to leave ."
0.51101702559662099,neg,neg,"The performances are so leaden , Michael Rymer 's direction is so bloodless and the dialogue is so corny that the audience laughs out loud ."
0.51082913944601305,neg,neg,There 's nothing provocative about this film save for the ways in which it studiously avoids provoking thought .
0.51073524036497953,pos,pos,The episodic film makes valid points about the depersonalization of modern life .
0.51072842658047601,pos,pos,A dream cast of solid female talent who build a seamless ensemble .
0.51039032763945735,neg,neg,No. .
0.51033125405913193,pos,pos,The result is mesmerizing -- filled with menace and squalor .
0.5102733483330838,neg,neg,The story and characters are nowhere near gripping enough .
0.51012300190585391,neg,pos,But fans should have fun meeting a brand-new Pokemon called Celebi .
0.51005867435019592,neg,neg,"When the painted backdrops in a movie are more alive than its characters , you know you 're in trouble ."
0.50996409453125635,neg,neg,Begins as a promising meditation on one of America 's most durable obsessions but winds up as a slender cinematic stunt .
0.50973743168631824,neg,pos,Skip work to see it at the first opportunity .
0.50954411212077033,neg,neg,"With a story inspired by the tumultuous surroundings of Los Angeles , where feelings of marginalization loom for every dreamer with a burst bubble , The Dogwalker has a few characters and ideas , but it never manages to put them on the same path ."
0.50954278609662362,pos,pos,The film overcomes the regular minefield of coming-of-age cliches with potent doses of honesty and sensitivity .
0.50952704031997809,pos,pos,Presents an astute appraisal of Middle American musical torpor and the desperate struggle to escape it .
0.50949337596561084,neg,neg,This goofy gangster yarn never really elevates itself from being yet another earnestly generic crime-busting comic vehicle -- a well-intentioned remake that shows some spunk and promise but fails to register as anything distinctive or daring
0.5094601470119704,pos,pos,"De Niro and McDormand give solid performances , but their screen time is sabotaged by the story 's inability to create interest ."
0.50940384562918206,neg,neg,This is junk food cinema at its greasiest .
0.50930183041954036,neg,pos,Makes an aborbing if arguable case for the man 's greatness .
0.50925042620673988,pos,pos,"A sensual performance from Abbass buoys the flimsy story , but her inner journey is largely unexplored and we 're left wondering about this exotic-looking woman whose emotional depths are only hinted at ."
0.50922119871145344,pos,pos,A remarkable 179-minute meditation on the nature of revolution .
0.50903643221634609,pos,pos,a compelling journey ... and `` His Best Friend Remembers '' is up there with the finest of specials .
0.50892847082722481,neg,neg,"Instead , we just get messy anger , a movie as personal therapy ."
0.50892733305030746,pos,pos,"In scope , ambition and accomplishment , Children of the Century ... takes Kurys ' career to a whole new level ."
0.50885052236790562,neg,pos,"It 's rather like a Lifetime special -- pleasant , sweet and forgettable ."
0.50885039063194326,neg,neg,`` An entire film about researchers quietly reading dusty old letters . ''
0.50878883781599926,pos,pos,"A recent favourite at Sundance , this white-trash satire will inspire the affection of even those unlucky people who never owned a cassette of Def Leppard 's Pyromania ."
0.50878446630504737,pos,pos,"Merely as a technical , logistical feat , Russian Ark marks a cinematic milestone ."
0.50868296758596832,neg,neg,But it pays a price for its intricate intellectual gamesmanship .
0.50866719824057471,pos,pos,A well-made and often lovely depiction of the mysteries of friendship .
0.5086431478306922,neg,neg,Barely goes beyond comic book status .
0.50862845969957859,pos,pos,"For the first two-thirds of this sparklingly inventive and artful , always fast and furious tale , kids will go happily along for the ride ."
0.50851780533212354,neg,neg,"Another big , dumb action movie in the vein of XXX , The Transporter is riddled with plot holes big enough for its titular hero to drive his sleek black BMW through ."
0.50843032397682497,pos,pos,"Often hilarious , well-shot and , importantly , entertaining , Hell House is a fascinating document of an event that has to be seen to be believed ."
0.50840374676076927,pos,pos,... always remains movingly genuine .
0.50838478534711373,pos,pos,"At about 95 minutes , Treasure Planet maintains a brisk pace as it races through the familiar story ."
0.50834972058818595,neg,neg,Maudlin and melodramatic we expected .
0.50822818698760508,pos,pos,"Parker holds true to Wilde 's own vision of a pure comedy with absolutely no meaning , and no desire to be anything but a polished , sophisticated entertainment that is in love with its own cleverness ."
0.50798166390112642,pos,pos,"It 's rare to find a film that dazzles the eye , challenges the brain , AND satisfies our lust for fast-paced action , but Minority Report delivers all that and a whole lot more ."
0.5078502518395468,pos,pos,... a poignant and powerful narrative that reveals that reading writing and arithmetic are not the only subjects to learn in life .
0.50784855372209425,pos,pos,It 's both a necessary political work and a fascinating documentary ...
0.50776642109924564,pos,pos,"Funny and , at times , poignant , the film from director George Hickenlooper all takes place in Pasadena , `` a city where people still read . ''"
0.50763667558910308,neg,neg,The movie makes absolutely no sense .
0.50763332730445998,pos,pos,Good actress .
0.5075787529765925,neg,neg,There are films that try the patience of even the most cinema-besotted critic -- and this was one of them .
0.50747553726214123,pos,pos,"A very witty take on change , risk and romance , and the film uses humour to make its points about acceptance and growth ."
0.50735803209604402,neg,neg,"Others may find it migraine-inducing , despite Moore 's attempts at whimsy and spoon feeding ."
0.50726515450819876,neg,pos,"He just wants them to be part of the action , the wallpaper of his chosen reality ."
0.50726329825949268,pos,pos,A beautiful and haunting examination of the stories we tell ourselves to make sense of the mundane horrors of the world .
0.50714791657951486,neg,neg,"Herzog is obviously looking for a moral to his fable , but the notion that a strong , unified showing among Germany and Eastern European Jews might have changed 20th-Century history is undermined by Ahola 's inadequate performance ."
0.50714579817567196,neg,pos,"This road movie gives you emotional whiplash , and you 'll be glad you went along for the ride ."
0.50683796656354385,neg,pos,"another great ` what you do n't see ' is much more terrifying than what you do see thriller , coupled with some arresting effects , incandescent tones and stupendous performances"
0.5067763535435561,neg,neg,The movie bounces all over the map .
0.5067701250105523,neg,pos,( Howard ) so good as Leon Barlow ... that he hardly seems to be acting .
0.50675521885315189,pos,pos,"De Oliveira creates an emotionally rich , poetically plump and visually fulsome , but never showy , film whose bittersweet themes are reinforced and brilliantly personified by Michel Piccoli ."
0.50658277513559447,pos,pos,"A triumph , relentless and beautiful in its downbeat darkness ."
0.50637773570419131,neg,neg,Son of the Bride may be a good half-hour too long but comes replete with a flattering sense of mystery and quietness .
0.50633927518459487,neg,pos,May be spoofing an easy target -- those old ' 50 's giant creature features -- but ... it acknowledges and celebrates their cheesiness as the reason why people get a kick out of watching them today .
0.50612556059195501,pos,pos,"In the process , they demonstrate that there 's still a lot of life in Hong Kong cinema ."
0.50607181831703563,neg,neg,A bravura exercise in emptiness .
0.50606320750328604,neg,pos,"The film is surprisingly well-directed by Brett Ratner , who keeps things moving well -- at least until the problematic third act ."
0.50605099150085586,pos,pos,"Ranging from funny to shattering and featuring some of the year 's best acting , Personal Velocity gathers plenty of dramatic momentum ."
0.50599955021413456,neg,neg,"It is a comedy that 's not very funny and an action movie that is not very thrilling ( and an uneasy alliance , at that ) ."
0.5059023833634646,neg,neg,Watching the film is like reading a Times Portrait of Grief that keeps shifting focus to the journalist who wrote it .
0.50588344022342036,neg,pos,A carefully structured scream of consciousness that is tortured and unsettling -- but unquestionably alive .
0.50578003749892442,pos,pos,An unbelievably fun film just a leading man away from perfection .
0.50577702224575105,pos,pos,The way Coppola professes his love for movies -- both colorful pop junk and the classics that unequivocally qualify as art -- is giddily entertaining .
0.50574413230659021,pos,pos,"It suggests the wide-ranging effects of media manipulation , from the kind of reporting that is done by the supposedly liberal media ... to the intimate and ultimately tragic heartache of maverick individuals like Hatfield and Hicks ."
0.50568815222131203,pos,neg,Here 's a self-congratulatory 3D IMAX rah-rah .
0.50562750333931106,pos,pos,"Only an epic documentary could get it all down , and Spike Lee 's Jim Brown : All American at long last gives its subject a movie worthy of his talents ."
0.50552487103652299,neg,pos,"Awkward but sincere and , ultimately , it wins you over ."
0.5054617514051124,pos,pos,"My goodness , Queen Latifah has a lot to offer and she seemed to have no problem flaunting her natural gifts ."
0.505291489061097,neg,pos,"It 's endearing to hear Madame D. refer to her husband as ` Jackie ' -- and he does make for excellent company , not least as a self-conscious performer ."
0.50522861806744424,neg,neg,"Guided more by intellect than heart , his story flattens instead of sharpens ."
0.50522797230368921,pos,pos,What makes the movie a comedy is the way it avoids the more serious emotions involved .
0.50514949477272619,pos,pos,Few films this year have been as resolute in their emotional nakedness .
0.5050920190990299,pos,pos,"Watching Scarlet Diva , one is poised for titillation , raw insight or both ."
0.50503970663555209,neg,neg,Moderately involving despite bargain-basement photography and hackneyed romance .
0.50500723661621127,pos,pos,The tenderness of the piece is still intact .
0.50491161215142266,neg,pos,Some actors have so much charisma that you 'd be happy to listen to them reading the phone book .
0.50489730333010718,pos,pos,"Mixes likeable personalities , inventive photography and cutting , and wall-to-wall toe-tapping music to paint a picture of a subculture that is at once exhilarating , silly , perverse , hopeful and always fun ."
0.50487084335614141,neg,pos,"But based on CQ , I 'll certainly be keeping an eye out for his next project ."
0.5047014814676325,neg,neg,` Dragonfly ' is a movie about a bus wreck that turns into a film wreck .
0.50457506404511487,pos,pos,An involving true story of a Chinese actor who takes up drugs and winds up in an institution -- acted mostly by the actual people involved .
0.50444713018256349,pos,pos,Like old myths and wonder tales spun afresh .
0.50434980507237637,neg,pos,The New Guy does have a heart .
0.50430430426974282,pos,pos,"But in Imax 3-D , the clichs disappear into the vertiginous perspectives opened up by the photography ."
0.50420829789462596,neg,pos,"Call me a wimp , but I cried , not once , but three times in this animated sweet film ."
0.50402141354927965,pos,pos,"Solid , lump-in-the-throat family entertainment that derives its power by sticking to the facts ."
0.5039932554224239,neg,pos,Bow 's best moments are when he 's getting busy on the basketball court because that 's when he really scores .
0.5039280193840443,neg,pos,"( Wendigo is ) why we go to the cinema : to be fed through the eye , the heart , the mind ."
0.50354452620321455,neg,neg,Her film is unrelentingly claustrophobic and unpleasant .
0.50342659617927843,pos,pos,The experience of watching blobby old-school CGI animation in this superlarge format is just surreal enough to be diverting .
0.50342229721975129,neg,pos,It 's one of the saddest films I have ever seen that still manages to be uplifting but not overly sentimental .
0.50337323484890206,pos,pos,A byzantine melodrama that stimulates the higher brain functions as well as the libido .
0.5033311591462698,pos,pos,"Ms. Fulford-Wierzbicki is almost spooky in her sulky , calculating Lolita turn ."
0.50328790383851285,pos,pos,"s personal revelations regarding what the shop means in the big picture , iconic characters gambol fluidly through the story , with charming results ."
0.50324259043293595,neg,pos,"As Weber and Weissman demonstrate with such insight and celebratory verve , the Cockettes were n't as much about gender , sexual preference or political agitprop as they were simply a triumph of the indomitable human will to rebel , connect and create ."
0.5030704035243182,pos,pos,Provide ( s ) nail-biting suspense and credible characters without relying on technology-of-the-moment technique or pretentious dialogue .
0.50304638297888993,pos,pos,"The movie is full of fine performances , led by Josef Bierbichler as Brecht and Monica Bleibtreu as Helene Weigel , his wife ."
0.50299766579566618,pos,pos,"Often gruelling and heartbreaking to witness , but Seldahl and Wollter 's sterling performances raise this far above the level of the usual maudlin disease movie ."
0.50281015269644525,pos,pos,"This is what IMAX was made for : Strap on a pair of 3-D goggles , shut out the real world , and take a vicarious voyage to the last frontier -- space ."
0.50265842925194093,pos,pos,The Bourne Identity is what summer screen escapism used to be in the decades when it was geared more to grownups .
0.50260897544700056,pos,pos,"Here 's a British flick gleefully unconcerned with plausibility , yet just as determined to entertain you ."
0.50254427429145632,neg,pos,A sports movie with action that 's exciting on the field and a story you care about off it .
0.5024307808990206,pos,pos,Steers turns in a snappy screenplay that curls at the edges ; it 's so clever you want to hate it .
0.50237373691033804,pos,pos,An experience so engrossing it is like being buried in a new environment .
0.50233160493872275,pos,pos,"Too bad , but thanks to some lovely comedic moments and several fine performances , it 's not a total loss ."
0.50198003582725759,pos,pos,"Lovingly choreographed bloodshed taking place in a pristine movie neverland , basically ."
0.50190117419883062,neg,pos,"Doug Liman , the director of Bourne , directs the traffic well , gets a nice wintry look from his locations , absorbs us with the movie 's spycraft and uses Damon 's ability to be focused and sincere ."
0.50187845293895617,neg,pos,About nowhere kids who appropriated turfs as they found them and become self-made celebrity athletes -- a low-down version of the American dream .
0.50186164675012868,neg,pos,"If you sometimes like to go to the movies to have fun , Wasabi is a good place to start ."
0.50184937126838991,neg,pos,"A somewhat crudely constructed but gripping , questing look at a person so racked with self-loathing , he becomes an enemy to his own race ."
0.50179952215365975,pos,pos,"The WWII drama is well plotted , visually striking and filled with enjoyably complex characters who are never what they first appear ."
0.50168530971462544,neg,pos,A classy item by a legend who may have nothing left to prove but still has the chops and drive to show how its done .
0.50164842775526042,neg,pos,"This is the kind of movie that used to be right at home at the Saturday matinee , and it still is ."
0.50131550693458116,pos,pos,"This is such a high-energy movie where the drumming and the marching are so excellent , who cares if the story 's a little weak ."
0.50129165475864568,neg,pos,This is simply the most fun you 'll ever have with a documentary !
0.50120186660410915,pos,pos,Moore 's performance impresses almost as much as her work with Haynes in 1995 's Safe .
0.50108200872571329,pos,pos,"Roger Michell , who did an appealing job directing Persuasion and Notting Hill in England , gets too artsy in his American debut ."
0.5010505117690961,pos,pos,"I complain all the time about seeing the same ideas repeated in films over and over again , but The Bourne Identity proves that a fresh take is always possible ."
0.5009819897352441,pos,pos,A richly imagined and admirably mature work from a gifted director who definitely has something on his mind .
0.50088052446524922,pos,pos,"The film delivers not just the full assault of Reno 's immense wit and insight , but a time travel back to what it felt like during those unforgettably uncertain days ."
0.50081761355993226,neg,pos,It 's a refreshing change from the self-interest and paranoia that shape most American representations of Castro .
0.50081638323571209,neg,pos,"The diversity of the artists represented , both in terms of style and ethnicity , prevents the proceedings from feeling repetitious , as does the appropriately brief 40-minute running time ."
0.50077397896276632,pos,pos,"It 's traditional moviemaking all the way , but it 's done with a lot of careful period attention as well as some very welcome wit ."
0.50060862161628095,neg,pos,"There are times when A Rumor of Angels plays like an extended episode of Touched by an Angel -- a little too much dancing , a few too many weeping scenes -- but I liked its heart and its spirit ."
0.50060093865414856,neg,pos,"While this film is not in the least surprising , it is still ultimately very satisfying ."
0.50052746623258482,neg,pos,"The Hours makes you examine your own life in much the same way its characters do , and the experience is profound ."
0.5004645294129203,pos,pos,"Foster nails the role , giving a tight , focused performance illuminated by shards of feeling ."
0.50046029879170673,neg,pos,"Enormously likable , partly because it is aware of its own grasp of the absurd ."
0.50045904469666314,neg,pos,The acting alone is worth the price of admission .
0.50031250752810918,pos,pos,"Newton draws our attention like a magnet , and acts circles around her better known co-star , Mark Wahlberg ."
0.50020010967019346,pos,pos,"Not everything works , but the average is higher than in Mary and most other recent comedies ."
0.50000540176681763,neg,pos,"In its ragged , cheap and unassuming way , the movie works ."
